booking_id,booking_number,guest_name,guest_contact,guest_aadhaar,rank,army_number,unit,command_hq,service_type,identity_card_number,serving_status,check_in_date,check_out_date,status,family_members_with_dependent_ids
d28e3532-7d41-429e-ac56-42f100be021b,BK0001,trial1,+91 8765432112,232343431212,Nb Sub,1432567A,2 PARA,Eastern Command,Army,123456,,2026-04-07,2026-04-09,checked_out,
022da59b-457c-4176-b77d-acbed7c5556b,BK0002,wewdsd,+91 8765675677,123213213232,Nk,4732567677,ww,,,,,2026-04-08,2026-04-11,confirmed,
43a75da9-ce1a-42e2-b439-f7f71ab78c53,BK0004,ggggg,+91 7232132132,123123213232,Sub,232323232,eeee,Western Command,Army,23123,,2026-04-06,2026-04-11,cancelled,
3f1d241f-9831-4d53-ba93-9c23375ff391,BK0005,Eddd,+91 9876543210,111111111111,JWO,5688iiwi,3 SP,,,TEST-ID-12345,,2026-04-07,2026-04-10,checked_in,
6901a023-9965-4ebf-af9b-f13053431a55,BK0006,Tytyyy,+91 9876543210,,SM,4678uyu,3 Jat,,,TEST-ID-12345,,2026-04-09,2026-04-13,checked_in,
54448de1-86d3-4fa9-84da-e4521fdd67e4,BK0007,TEST_CheckInPricing_Guest,+91 9876543210,,Hav,TEST-12345,Test Unit,,,TEST-ID-12345,,2026-05-07,2026-05-09,checked_in,
2d3ab4a7-9980-4ec4-9657-e84c61f78156,BK0008,TEST_Pricing_f957d95e,+91 9876543210,,Hav,TEST-b3c75f,Test Unit,E Command,Army,VALID-ID-12345,,2026-10-14,2026-10-16,checked_in,
febc18b5-9b36-4cad-9312-6ae5214e5529,BK0009,TEST_Pricing_4d33a265,+91 9876543210,,Hav,TEST-b7fb17,Test Unit,E Command,Army,VALID-ID-12345,,2026-09-18,2026-09-20,checked_in,
713005c4-798e-446c-81e5-a985923e4b90,BK0010,TEST_Pricing_bc0dddd2,+91 9876543210,,Hav,TEST-2bb609,Test Unit,E Command,Army,VALID-ID-12345,,2027-01-15,2027-01-17,checked_in,Test Wife:DEP-ID-001; Test Son:DEP-ID-002
d96ff3f1-3f7d-4193-81a0-c32f36e3a734,BK0011,TEST_Pricing_02f34ddd,+91 9876543210,,Hav,TEST-456170,Test Unit,E Command,Army,VALID-ID-12345,,2027-02-13,2027-02-15,checked_in,
496848eb-98e6-41da-b587-75aebdf54905,BK0012,TEST_UI_CheckIn,+91 9876543210,,Hav,TEST-UI-001,Test Unit,E Command,Army,VALID-ID-12345,,2026-04-07,2026-04-09,checked_in,
fc9453cf-5c98-4e60-8ee7-cd29c9987a9b,BK0013,Ram,+91 9876543210,,Nb Sub,12345678w,3 Jat,,,TEST-ID-12345,,2026-04-07,2026-04-11,checked_in,
fd0d6e4a-66d6-489f-bb01-ab2788bc8fbb,BK0014,Rajesh,+91 7777777777,,Hony Lt or Eqvt,12345678R,7 Kimaon,Central Command,Army,123456,,2026-04-07,2026-04-10,checked_in,radha:1234; RAJA:2222
0b65a2cb-f36b-4d59-8d1e-01d3c89ee240,BK0015,TEST_P1_BankDetails_233ab404,+91 9876543210,,Hav,TEST-69a9da,Test Unit,,,,,2027-12-08,2027-12-10,confirmed,
e1018471-54c6-43a7-a3bd-30f6caba3048,BK0016,TEST_P1_UPIOnly_fe5b8f07,+91 9876543211,,Sep/Dfr/Swr,,,,,,,2028-04-18,2028-04-20,confirmed,
950c9e46-d0e1-4121-b439-d15318d1b6a5,BK0017,TEST_P1_Refund_c7b30570,+91 9876543212,,Nk,,,,,,,2028-03-27,2028-03-29,cancelled,
86f29f76-708f-4c1a-97fe-f57afab1fe92,BK0018,TEST_P1_CheckIn_fcd75e73,+91 9876543213,,Hav,,,,,,,2028-05-15,2028-05-17,confirmed,
c646a76f-dfab-4da0-80dc-3145aa399877,BK0019,TEST_P1_UPIPayment_fd9e0652,+91 9876543214,,Sgt,,,,,,,2028-07-08,2028-07-10,confirmed,
6f613130-9185-4d1c-9189-6afd5a74a7b3,BK0020,TEST_P1_BankTransfer_524199b3,+91 9876543215,,PO,,,,,,,2028-10-11,2028-10-13,confirmed,
c39d0dde-9124-4558-976d-dca4097ce057,BK0021,TEST_P2_Exclude_eb0cf29f,+91 9876543210,,Hav,,,,,,,2026-12-02,2026-12-04,confirmed,
d26c9571-e717-4fde-806c-17d8c400ddcc,BK0022,TEST_P2_ExcludeBooking_74269aa9,+91 9876543211,,Nk,,,,,,,2027-04-15,2027-04-17,confirmed,
65a8801c-ffa5-40c5-9906-e252d24fa57e,BK0023,TEST_P2_UpdateRooms_c398c702,+91 9876543212,,Sgt,,,,,,,2027-05-17,2027-05-19,confirmed,
fe457590-014b-46d4-83bb-ffa3c745aad3,BK0024,TEST_P2_RoomCount_7166e5b7,+91 9876543214,,Nb Sub,,,,,,,2027-08-28,2027-08-30,confirmed,
1b49bf7e-7c10-4f70-8d06-18ecd8253319,BK0025,TEST_P2_Category_96984e0c,+91 9876543215,,JWO,,,,,,,2027-12-24,2027-12-26,confirmed,
4b93ad45-0e2c-4a67-9f04-de2611f74bdf,BK0026,TEST_P2_Exclude_2e00930a,+91 9876543210,,Hav,,,,,,,2026-11-15,2026-11-17,confirmed,
b26e09ed-1144-4844-93f9-be3e26b1c689,BK0027,TEST_P2_ExcludeBooking_115b6365,+91 9876543211,,Nk,,,,,,,2027-05-07,2027-05-09,confirmed,
c27b4a0b-5bf8-4a3c-ac87-6003d2464d31,BK0028,TEST_P2_UpdateRooms_9539bdc9,+91 9876543212,,Sgt,,,,,,,2027-05-31,2027-06-02,confirmed,
72c4659e-2133-4829-a9c8-545685bd02a9,BK0029,TEST_P2_RoomCount_8a41d57e,+91 9876543214,,Nb Sub,,,,,,,2027-11-06,2027-11-08,confirmed,
7f81424d-407c-4736-8493-080e50e1de47,BK0030,TEST_P2_Category_2cfa41dc,+91 9876543215,,JWO,,,,,,,2027-11-11,2027-11-13,confirmed,
43dd0306-ab4a-47ee-ae81-57de76f1b214,BK0031,TEST_Debug,+91 9876543210,,Hav,,,,,,,2026-01-14,2026-01-16,confirmed,
8a9bf7cc-cf2f-45f1-a5b2-3ffd2103856a,BK0032,TEST_P2_Exclude_e9e6b16d,+91 9876543210,,Hav,,,,,,,2026-12-11,2026-12-13,confirmed,
5593d6eb-0b5b-4bc3-bfc3-7bef796c842f,BK0033,TEST_P2_ExcludeBooking_0556998c,+91 9876543211,,Nk,,,,,,,2027-04-09,2027-04-11,confirmed,
55a80004-b287-4986-8e14-ab8ad5148032,BK0034,TEST_P2_UpdateRooms_74c484f2,+91 9876543212,,Sgt,,,,,,,2027-07-19,2027-07-21,confirmed,
53fc7d18-5344-4199-b869-85bc6cb248ec,BK0035,TEST_P2_CheckedIn_b2395e46,+91 9876543213,,PO,,,,,ID123456789,,2026-04-07,2026-04-09,checked_in,
4ebc49ce-6af1-4735-b567-fc11b6102119,BK0036,TEST_P2_Category_dc35e990,+91 9876543215,,JWO,,,,,,,2028-01-15,2028-01-17,confirmed,
c1a5aaa7-b8c5-4d35-bbd5-4303174ab9c5,BK0037,TEST_P2_FullFlow_7f497406,+91 9876543216,,CPO,,,,,FULLFLOW123,,2026-04-07,2026-04-09,checked_in,
19c4dd30-9825-4fb8-baaf-2f05e935fef2,BK0038,TEST_P2_Exclude_fdcad239,+91 9876543210,,Hav,,,,,,,2027-01-19,2027-01-21,confirmed,
d13071f2-28d0-4982-b2bd-c5b354da2cdd,BK0039,TEST_P2_ExcludeBooking_195fd388,+91 9876543211,,Nk,,,,,,,2027-04-26,2027-04-28,confirmed,
0f848fdf-6d6c-4508-942e-af90df179e1b,BK0040,TEST_P2_UpdateRooms_e1b0280e,+91 9876543212,,Sgt,,,,,,,2027-07-20,2027-07-22,confirmed,
66823d46-e522-48e8-be81-ea7cdad54698,BK0041,TEST_P2_CheckedIn_9f4aca5c,+91 9876543213,,PO,,,,,ID123456789,,2026-04-07,2026-04-09,checked_in,
307864c1-b2bb-4ef2-b9f7-b4ce920c2576,BK0042,TEST_P2_RoomCount_b6aff397,+91 9876543214,,Nb Sub,,,,,,,2027-10-14,2027-10-16,confirmed,
ea25cc42-a47d-479f-bba9-4db42a9b66a3,BK0043,TEST_P2_Category_84426d40,+91 9876543215,,JWO,,,,,,,2027-12-16,2027-12-18,confirmed,
046819bc-5e56-40a7-8335-4b86c1f9246a,BK0044,TEST_P2_FullFlow_175a9581,+91 9876543216,,CPO,,,,,FULLFLOW123,,2026-04-07,2026-04-09,checked_in,
fc063c92-e135-4866-940f-7e06a22ea05d,BK0045,gajesh,+91 7654321212,,Hony Lt or Eqvt,12345678F,32 R U O ,,,,,2026-04-07,2026-04-09,confirmed,
f8714d21-efe5-48f6-a6ef-2c7dd956150f,BK0046,TEST_Mobile_Valid_9,+91 98765 43210,,,,,,,,,2026-04-08,2026-04-09,cancelled,
116f56bc-ec02-4342-bf46-d7c47475522a,BK0047,TEST_Mobile_Valid_6,+91 61234 56789,,,,,,,,,2026-04-08,2026-04-09,cancelled,
87722801-ce93-469b-9951-303215bba9d5,BK0048,TEST_Mobile_Valid_7,+91 71234 56789,,,,,,,,,2026-04-08,2026-04-09,cancelled,
cdc7ba74-c7cd-4577-a8e7-f3c9865a54f4,BK0049,TEST_Mobile_Valid_8,+91 81234 56789,,,,,,,,,2026-04-08,2026-04-09,cancelled,
652ef6a0-140f-4fc7-95f7-25896c68c79a,BK0050,TEST_IFSC_Valid,+91 98765 43210,,,,,,,,,2026-04-08,2026-04-09,cancelled,
0517580d-2fdc-45a0-b37b-22f0b8285e96,BK0051,TEST_IFSC_Alphanumeric,+91 98765 43210,,,,,,,,,2026-04-08,2026-04-09,cancelled,
38578c27-219c-4530-8cf0-4ad38c26f7c6,BK0052,TEST_Army_Uppercase,+91 98765 43210,,,ABC123DEF,,,,,,2026-04-08,2026-04-09,cancelled,
ae377d2b-e30d-4875-a87d-0c5f4f22471d,BK0053,TEST_Checkin_IFSC,+91 98765 43210,,,,,,,,,2026-04-08,2026-04-09,cancelled,
b48a85b7-b69e-442a-94da-e0d73d90b889,BK0054,TEST_Dependent_ID,+91 98765 43210,,,,,,,ARMY123456,,2026-04-08,2026-04-09,cancelled,Test Wife:DEP123ABC
9d90aa4c-91a6-4332-bb70-e818f64c72c3,BK0055,TEST_Checkin_Mobile,+91 98765 43210,,,,,,,,,2026-04-08,2026-04-09,cancelled,
ee2e114d-2ea6-4a69-89bb-d63507998216,BK0056,TEST_Checkin_UPI,+91 98765 43210,,,,,,,,,2026-04-08,2026-04-09,cancelled,
c5e8da1f-650c-4291-a800-428742c8a125,BK0057,TEST_Checkin_IFSC_Invalid,+91 98765 43210,,,,,,,,,2026-04-08,2026-04-09,cancelled,
19715b1c-5b87-49cb-a89b-dd312574e98c,BK0058,TEST_Family_Mobile,+91 98765 43210,,,,,,,,,2026-04-08,2026-04-09,cancelled,
8bb1bad8-a44c-488c-b0b4-111c47d1e9e8,BK0059,TEST_No_Mobile,,,,,,,,,,2026-04-08,2026-04-09,cancelled,
4f62db23-8be4-456d-b445-703055ed8bc4,BK0060,TEST_No_IFSC,+91 98765 43210,,,,,,,,,2026-04-08,2026-04-09,cancelled,
2fea0653-58d4-4886-8fcc-a4bf3dc83ad7,BK0061,TEST_No_Army,+91 98765 43210,,,,,,,,,2026-04-08,2026-04-09,cancelled,
381c4796-0cfd-4f85-b5bc-0aa20698829b,BK0062,TEST_Mobile_Valid_9,+91 98765 43210,,,,,,,,,2026-04-08,2026-04-09,cancelled,
01ae1c67-80a1-4394-b5b8-633216a11439,BK0063,TEST_Mobile_Valid_6,+91 61234 56789,,,,,,,,,2026-04-08,2026-04-09,cancelled,
74cecb8e-d6d4-4d99-9ae5-294856327000,BK0064,TEST_Mobile_Valid_7,+91 71234 56789,,,,,,,,,2026-04-08,2026-04-09,cancelled,
d4252b13-5850-41e2-8f50-f471719688bb,BK0065,TEST_Mobile_Valid_8,+91 81234 56789,,,,,,,,,2026-04-08,2026-04-09,cancelled,
e4ad785d-456b-4f2a-893b-04227a2e2af2,BK0066,TEST_IFSC_Valid,+91 98765 43210,,,,,,,,,2026-04-08,2026-04-09,cancelled,
a9cfd2d0-e79c-4d22-9272-b754900ffb2f,BK0067,TEST_IFSC_Alphanumeric,+91 98765 43210,,,,,,,,,2026-04-08,2026-04-09,cancelled,
0bed5b2f-eb57-4601-8d89-8392b4e1107a,BK0068,TEST_Army_Uppercase,+91 98765 43210,,,ABC123DEF,,,,,,2026-04-08,2026-04-09,cancelled,
cb7f2b25-6da6-4175-957b-4d1719c1bd63,BK0069,TEST_IFSC_Uppercase,+91 98765 43210,,,,,,,,,2026-04-08,2026-04-09,cancelled,
299b8ee6-b612-409f-ba5f-91a857c0ea78,BK0070,TEST_Checkin_IFSC,+91 98765 43210,,,,,,,ARMY123456,,2026-04-08,2026-04-09,cancelled,
ac769e7c-d2e0-4115-bb7c-630e3cba0023,BK0071,TEST_Dependent_ID,+91 98765 43210,,,,,,,ARMY123456,,2026-04-08,2026-04-09,cancelled,Test Wife:DEP123ABC
c990fbe9-2826-40a6-a79a-4f48b3d06292,BK0072,TEST_Checkin_Mobile,+91 98765 43210,,,,,,,,,2026-04-08,2026-04-09,cancelled,
12a05dc7-8aa8-435a-ae9d-a8cc360e4f3d,BK0073,TEST_Checkin_UPI,+91 98765 43210,,,,,,,,,2026-04-08,2026-04-09,cancelled,
f9452df6-d086-4886-a303-6234de5e8913,BK0074,TEST_Checkin_IFSC_Invalid,+91 98765 43210,,,,,,,,,2026-04-08,2026-04-09,cancelled,
dc0323ed-a6ee-4cee-8761-3cfb164f7cc5,BK0075,TEST_Family_Mobile,+91 98765 43210,,,,,,,,,2026-04-08,2026-04-09,cancelled,
0ed82c2c-3710-41fe-be49-534b2297bed6,BK0076,TEST_No_Mobile,,,,,,,,,,2026-04-08,2026-04-09,cancelled,
6092bf87-b894-40d1-8666-31e2704d048b,BK0077,TEST_No_IFSC,+91 98765 43210,,,,,,,,,2026-04-08,2026-04-09,cancelled,
7b42d649-7bd5-4122-8844-7d9784e83fdd,BK0078,TEST_No_Army,+91 98765 43210,,,,,,,,,2026-04-08,2026-04-09,cancelled,
8b4fe1d7-ea3f-4f9f-bc84-eabf161c5e11,BK0079,rajat,+91 8765432121,,Hony Capt or Eqvt,1234543F,3 PARA,South Western Command,Army,67894A,,2026-04-06,2026-04-09,checked_out,eeeee:1111
49d69517-5581-43a2-a9a1-5cc9325b1bae,BK0080,tara,+91 7654321234,,Sub,1323456H,5 SIKH,,,,,2026-04-09,2026-04-11,cancelled,
